Mutation,Count
TTA>TCA,1118
TTG>TAG,363
GTA>GCA,1181
CTC>CAC,384
TTG>TCG,1424
GCG>GAG,287
CTT>CCT,1353
ATA>AAA,451
TTG>TGG,546
TCT>TGT,743
GTG>GCG,1779
TTC>TGC,440
TTT>TGT,755
ACT>AAT,542
ACG>ATG,3349
TCA>TTA,1330
GCC>GGC,301
TCG>TTG,1682
GCA>GTA,1350
ACC>AGC,484
TTC>TCC,1147
GTA>GGA,294
ATG>ACG,3001
CCA>CGA,419
ATA>AGA,511
GTT>GCT,1362
CTC>CCC,1054
GCG>GTG,1937
CCG>CTG,2180
GCC>GTC,1055
ATG>AAG,407
ATC>ACC,1435
ATA>ACA,2567
ACA>ATA,2636
TCT>TTT,1778
TCG>TGG,232
TCC>TTC,1762
CTG>CCG,1825
GCT>GTT,1558
CTA>CCA,1116
CCA>CTA,1929
CTG>CGG,504
GCA>GAA,622
TTA>TAA,646
ACA>AAA,788
CTA>CGA,332
CCG>CGG,118
ACG>AGG,312
ACA>AGA,867
GTG>GAG,444
ACC>AAC,473
ACT>ATT,2787
ATC>AAC,304
CCT>CTT,1775
CCC>CTC,1601
GCT>GAT,391
CTT>CGT,446
TCA>TAA,580
TCC>TAC,343
CCT>CAT,454
TTC>TAC,269
TTT>TAT,488
ACT>AGT,682
GTG>GGG,492
GCC>GAC,313
TCC>TGC,454
GTA>GAA,350
GCA>GGA,473
GTC>GCC,887
CCA>CAA,582
ACC>ATC,1822
ACG>AAG,350
GCT>GGT,464
TTA>TGA,554
ATT>ACT,2597
CCC>CAC,552
TCA>TGA,522
GTT>GGT,509
TTT>TCT,1800
CCT>CGT,480
TCG>TAG,304
ATC>AGC,342
GCG>GGG,237
GTT>GAT,294
GTC>GGC,271
ATG>AGG,462
TCT>TAT,451
CTT>CAT,357
ATT>AGT,483
CTG>CAG,582
CTC>CGC,387
CTA>CAA,319
CCG>CAG,365
GTC>GAC,236
CCC>CGC,472
ATT>AAT,502
